"id","size","volume","price","remarks","cache_time","product_id","store_id"
"1773","Short","8 fl oz","$2.95",,"1/3/2023 09:46:08.167397+00","1","2"
"1774","Tall","12 fl oz","$3.45",,"1/3/2023 09:46:08.262512+00","1","2"
"1775","Grande","16 fl oz","$3.75",,"1/3/2023 09:46:08.357463+00","1","2"
"1776","Venti","20 fl oz","$3.95",,"1/3/2023 09:46:08.431547+00","1","2"
"1777","Short","8 fl oz","$2.55",,"1/3/2023 09:46:47.902817+00","2","2"
"1778","Tall","12 fl oz","$2.65",,"1/3/2023 09:46:48.024449+00","2","2"
"1779","Grande","16 fl oz","$2.95",,"1/3/2023 09:46:48.122237+00","2","2"
"1780","Venti","20 fl oz","$3.25",,"1/3/2023 09:46:48.233267+00","2","2"
"1781","Short","8 fl oz","$3.25",,"1/3/2023 09:47:36.309345+00","3","2"
"1782","Tall","12 fl oz","$3.35",,"1/3/2023 09:47:36.454085+00","3","2"
"1783","Grande","16 fl oz","$3.65",,"1/3/2023 09:47:36.689154+00","3","2"
"1784","Venti","20 fl oz","$3.95",,"1/3/2023 09:47:36.910444+00","3","2"
"1785","Short","8 fl oz","$2.55",,"1/3/2023 09:48:26.640168+00","4","2"
"1786","Tall","12 fl oz","$2.65",,"1/3/2023 09:48:26.809922+00","4","2"
"1787","Grande","16 fl oz","$2.95",,"1/3/2023 09:48:26.927127+00","4","2"
"1788","Venti","20 fl oz","$3.25",,"1/3/2023 09:48:26.968183+00","4","2"
"1789","Short","8 fl oz","$2.55",,"1/3/2023 09:49:24.312786+00","5","2"
"1790","Tall","12 fl oz","$2.65",,"1/3/2023 09:49:24.461428+00","5","2"
"1791","Grande","16 fl oz","$2.95",,"1/3/2023 09:49:24.578668+00","5","2"
"1792","Venti","20 fl oz","$3.25",,"1/3/2023 09:49:24.658751+00","5","2"
"1793","Short","8 fl oz","$2.55",,"1/3/2023 09:50:38.664592+00","6","2"
"1794","Tall","12 fl oz","$2.65",,"1/3/2023 09:50:38.721788+00","6","2"
"1795","Grande","16 fl oz","$2.95",,"1/3/2023 09:50:39.013395+00","6","2"
"1796","Venti","20 fl oz","$3.25",,"1/3/2023 09:50:44.17778+00","6","2"
"1797","Short","8 fl oz","$3.85",,"1/3/2023 09:52:18.517388+00","7","2"
"1798","Tall","12 fl oz","$3.95",,"1/3/2023 09:52:18.649648+00","7","2"
"1799","Grande","16 fl oz","$4.65",,"1/3/2023 09:52:25.467899+00","7","2"
"1800","Venti","20 fl oz","$5.25",,"1/3/2023 09:52:25.593164+00","7","2"
"1801","Single","0.75 fl oz","$2.75",,"1/3/2023 09:54:00.358734+00","8","2"
"1802","Double","1.5 fl oz","$2.95",,"1/3/2023 09:54:00.506829+00","8","2"
"1803","Triple","2.25 fl oz","$3.25",,"1/3/2023 09:54:00.553022+00","8","2"
"1804","Quad","3 fl oz","$3.45",,"1/3/2023 09:54:00.612714+00","8","2"
"1805","Single","0.75 fl oz","$2.85",,"1/3/2023 10:47:39.164737+00","9","2"
"1806","Double","1.5 fl oz","$3.05",,"1/3/2023 10:47:39.298506+00","9","2"
"1807","Triple","2.25 fl oz","$3.35",,"1/3/2023 10:47:39.440511+00","9","2"
"1808","Quad","3 fl oz","$3.55",,"1/3/2023 10:47:39.553504+00","9","2"
"1809","Short","8 fl oz","$4.35",,"1/3/2023 10:48:20.685898+00","10","2"
"1810","Tall","12 fl oz","$4.75",,"1/3/2023 10:48:20.862906+00","10","2"
"1811","Grande","16 fl oz","$4.95",,"1/3/2023 10:48:21.031282+00","10","2"
"1812","Venti","20 fl oz","$5.45",,"1/3/2023 10:48:21.185935+00","10","2"
"1813","Short","8 fl oz","$5.15",,"1/3/2023 10:49:02.170912+00","11","2"
"1814","Tall","12 fl oz","$5.25",,"1/3/2023 10:49:02.338908+00","11","2"
"1815","Grande","16 fl oz","$5.75",,"1/3/2023 10:49:02.481906+00","11","2"
"1816","Venti","20 fl oz","$6.25",,"1/3/2023 10:49:02.646934+00","11","2"
"1817","Short","8 fl oz","Sold out at 35th & State - Bronzeville",,"1/3/2023 10:49:47.893914+00","12","2"
"1818","Tall","12 fl oz","Sold out at 35th & State - Bronzeville",,"1/3/2023 10:49:47.923917+00","12","2"
"1819","Grande","16 fl oz","Sold out at 35th & State - Bronzeville",,"1/3/2023 10:49:47.948918+00","12","2"
"1820","Venti","20 fl oz","Sold out at 35th & State - Bronzeville",,"1/3/2023 10:49:47.983912+00","12","2"
"1821","Short","8 fl oz","Sold out at 35th & State - Bronzeville",,"1/3/2023 10:50:13.253762+00","13","2"
"1822","Tall","12 fl oz","Sold out at 35th & State - Bronzeville",,"1/3/2023 10:50:13.288915+00","13","2"
"1823","Grande","16 fl oz","Sold out at 35th & State - Bronzeville",,"1/3/2023 10:50:13.333172+00","13","2"
"1824","Venti","20 fl oz","Sold out at 35th & State - Bronzeville",,"1/3/2023 10:50:13.362914+00","13","2"
"1825","Short","8 fl oz","Sold out at 35th & State - Bronzeville",,"1/3/2023 10:50:37.843936+00","14","2"
"1826","Tall","12 fl oz","Sold out at 35th & State - Bronzeville",,"1/3/2023 10:50:37.883939+00","14","2"
"1827","Grande","16 fl oz","Sold out at 35th & State - Bronzeville",,"1/3/2023 10:50:37.916942+00","14","2"
"1828","Venti","20 fl oz","Sold out at 35th & State - Bronzeville",,"1/3/2023 10:50:37.94893+00","14","2"
"1829","Short","8 fl oz","$5.35",,"1/3/2023 10:50:58.67856+00","15","2"
"1830","Tall","12 fl oz","$5.45",,"1/3/2023 10:50:58.854558+00","15","2"
"1831","Grande","16 fl oz","$5.75",,"1/3/2023 10:50:59.016559+00","15","2"
"1832","Venti","20 fl oz","$6.25",,"1/3/2023 10:50:59.157548+00","15","2"
"1833","Short","8 fl oz","$3.85",,"1/3/2023 10:51:39.291304+00","16","2"
"1834","Tall","12 fl oz","$3.95",,"1/3/2023 10:51:39.429289+00","16","2"
"1835","Grande","16 fl oz","$4.65",,"1/3/2023 10:51:39.6083+00","16","2"
"1836","Venti","20 fl oz","$5.25",,"1/3/2023 10:51:39.891296+00","16","2"
"1837","Short","8 fl oz","$5.35",,"1/3/2023 10:52:18.395059+00","17","2"
"1838","Tall","12 fl oz","$5.45",,"1/3/2023 10:52:18.60606+00","17","2"
"1839","Grande","16 fl oz","$5.65",,"1/3/2023 10:52:18.921061+00","17","2"
"1840","Venti","20 fl oz","$6.25",,"1/3/2023 10:52:19.174145+00","17","2"
"1841","Short","8 fl oz","This item is unavailable",,"1/3/2023 10:53:01.031797+00","18","2"
"1842","Tall","12 fl oz","This item is unavailable",,"1/3/2023 10:53:01.056814+00","18","2"
"1843","Grande","16 fl oz","This item is unavailable",,"1/3/2023 10:53:01.081797+00","18","2"
"1844","Venti","20 fl oz","This item is unavailable",,"1/3/2023 10:53:01.107801+00","18","2"
"1845","Short","8 fl oz","This item is unavailable",,"1/3/2023 10:53:24.008662+00","19","2"
"1846","Tall","12 fl oz","This item is unavailable",,"1/3/2023 10:53:24.063704+00","19","2"
"1847","Grande","16 fl oz","This item is unavailable",,"1/3/2023 10:53:24.126648+00","19","2"
"1848","Venti","20 fl oz","This item is unavailable",,"1/3/2023 10:53:24.175648+00","19","2"
"1849","Short","8 fl oz","$4.65",,"1/3/2023 10:53:43.27556+00","20","2"
"1850","Tall","12 fl oz","$4.75",,"1/3/2023 10:53:43.399552+00","20","2"
"1851","Grande","16 fl oz","$5.45",,"1/3/2023 10:53:43.524856+00","20","2"
"1852","Venti","20 fl oz","$6.05",,"1/3/2023 10:53:43.635652+00","20","2"
"1853","Short","8 fl oz","$4.85",,"1/3/2023 10:54:21.740282+00","21","2"
"1854","Tall","12 fl oz","$4.95",,"1/3/2023 10:54:21.895287+00","21","2"
"1855","Grande","16 fl oz","$5.25",,"1/3/2023 10:54:22.110288+00","21","2"
"1856","Venti","20 fl oz","$5.45",,"1/3/2023 10:54:22.283366+00","21","2"
"1857","Single","0.8 fl oz","$2.85",,"1/3/2023 10:55:09.540283+00","22","2"
"1858","Double","1.6 fl oz","$3.05",,"1/3/2023 10:55:09.688152+00","22","2"
"1859","Triple","2.3 fl oz","$3.35",,"1/3/2023 10:55:09.838605+00","22","2"
"1860","Quad","3.1 fl oz","$3.55",,"1/3/2023 10:55:09.957117+00","22","2"
"1861","Short","8 fl oz","Sold out at 35th & State - Bronzeville",,"1/3/2023 10:55:54.606254+00","23","2"
"1862","Tall","12 fl oz","Sold out at 35th & State - Bronzeville",,"1/3/2023 10:55:54.640327+00","23","2"
"1863","Grande","16 fl oz","Sold out at 35th & State - Bronzeville",,"1/3/2023 10:55:54.681254+00","23","2"
"1864","Venti","20 fl oz","Sold out at 35th & State - Bronzeville",,"1/3/2023 10:55:54.711252+00","23","2"
"1865","Short","8 fl oz","Sold out at 35th & State - Bronzeville",,"1/3/2023 10:56:20.386261+00","24","2"
"1866","Tall","12 fl oz","Sold out at 35th & State - Bronzeville",,"1/3/2023 10:56:20.406252+00","24","2"
"1867","Grande","16 fl oz","Sold out at 35th & State - Bronzeville",,"1/3/2023 10:56:20.42441+00","24","2"
"1868","Venti","20 fl oz","Sold out at 35th & State - Bronzeville",,"1/3/2023 10:56:20.463258+00","24","2"
"1869","Short","8 fl oz","Sold out at 35th & State - Bronzeville",,"1/3/2023 10:56:45.586269+00","25","2"
"1870","Tall","12 fl oz","Sold out at 35th & State - Bronzeville",,"1/3/2023 10:56:45.620411+00","25","2"
"1871","Grande","16 fl oz","Sold out at 35th & State - Bronzeville",,"1/3/2023 10:56:45.646485+00","25","2"
"1872","Venti","20 fl oz","Sold out at 35th & State - Bronzeville",,"1/3/2023 10:56:45.67827+00","25","2"
"1873","Short","8 fl oz","$4.25",,"1/3/2023 10:57:04.909343+00","26","2"
"1874","Tall","12 fl oz","$4.75",,"1/3/2023 10:57:05.029266+00","26","2"
"1875","Grande","16 fl oz","$5.25",,"1/3/2023 10:57:05.188549+00","26","2"
"1876","Venti","20 fl oz","$5.45",,"1/3/2023 10:57:05.326265+00","26","2"
"1877","Short","8 fl oz","This item is unavailable",,"1/3/2023 10:57:49.226284+00","27","2"
"1878","Tall","12 fl oz","This item is unavailable",,"1/3/2023 10:57:49.264281+00","27","2"
"1879","Grande","16 fl oz","This item is unavailable",,"1/3/2023 10:57:49.294274+00","27","2"
"1880","Venti","20 fl oz","This item is unavailable",,"1/3/2023 10:57:49.337265+00","27","2"
"1881","Short","8 fl oz","$5.35",,"1/3/2023 10:58:13.737281+00","28","2"
"1882","Tall","12 fl oz","$5.45",,"1/3/2023 10:58:13.961281+00","28","2"
"1883","Grande","16 fl oz","$5.65",,"1/3/2023 10:58:14.145287+00","28","2"
"1884","Venti","20 fl oz","$6.25",,"1/3/2023 10:58:14.44857+00","28","2"
"1885","Short","8 fl oz","Not sold at 35th & State - Bronzeville",,"1/3/2023 10:58:57.035699+00","29","2"
"1886","Tall","12 fl oz","Not sold at 35th & State - Bronzeville",,"1/3/2023 10:58:57.063712+00","29","2"
"1887","Grande","16 fl oz","Not sold at 35th & State - Bronzeville",,"1/3/2023 10:58:57.09169+00","29","2"
"1888","Venti","20 fl oz","Not sold at 35th & State - Bronzeville",,"1/3/2023 10:58:57.117688+00","29","2"
"1889","Short","8 fl oz","Not sold at 35th & State - Bronzeville",,"1/3/2023 10:59:20.239572+00","30","2"
"1890","Tall","12 fl oz","Not sold at 35th & State - Bronzeville",,"1/3/2023 10:59:20.280603+00","30","2"
"1891","Grande","16 fl oz","Not sold at 35th & State - Bronzeville",,"1/3/2023 10:59:20.31957+00","30","2"
"1892","Venti","20 fl oz","Not sold at 35th & State - Bronzeville",,"1/3/2023 10:59:20.343571+00","30","2"
"1893","Short","8 fl oz","Not sold at 35th & State - Bronzeville",,"1/3/2023 10:59:43.577449+00","31","2"
"1894","Tall","12 fl oz","Not sold at 35th & State - Bronzeville",,"1/3/2023 10:59:43.622544+00","31","2"
"1895","Grande","16 fl oz","Not sold at 35th & State - Bronzeville",,"1/3/2023 10:59:43.661472+00","31","2"
"1896","Venti","20 fl oz","Not sold at 35th & State - Bronzeville",,"1/3/2023 10:59:43.702447+00","31","2"
"1897","Short","8 fl oz","This item is unavailable",,"1/3/2023 11:00:08.623349+00","32","2"
"1898","Tall","12 fl oz","This item is unavailable",,"1/3/2023 11:00:08.658416+00","32","2"
"1899","Grande","16 fl oz","This item is unavailable",,"1/3/2023 11:00:08.69832+00","32","2"
"1900","Venti","20 fl oz","This item is unavailable",,"1/3/2023 11:00:08.73534+00","32","2"
"1901","Short","8 fl oz","This item is unavailable",,"1/3/2023 11:00:32.627424+00","33","2"
"1902","Tall","12 fl oz","This item is unavailable",,"1/3/2023 11:00:32.683197+00","33","2"
"1903","Grande","16 fl oz","This item is unavailable",,"1/3/2023 11:00:32.714241+00","33","2"
"1904","Venti","20 fl oz","This item is unavailable",,"1/3/2023 11:00:32.753191+00","33","2"
"1905","Short","8 fl oz","This item is unavailable",,"1/3/2023 11:00:56.473064+00","34","2"
"1906","Tall","12 fl oz","This item is unavailable",,"1/3/2023 11:00:56.50307+00","34","2"
"1907","Grande","16 fl oz","This item is unavailable",,"1/3/2023 11:00:56.535073+00","34","2"
"1908","Venti","20 fl oz","This item is unavailable",,"1/3/2023 11:00:56.571065+00","34","2"
"1909","Short","8 fl oz","This item is unavailable",,"1/3/2023 11:01:20.332941+00","35","2"
"1910","Tall","12 fl oz","This item is unavailable",,"1/3/2023 11:01:20.361947+00","35","2"
"1911","Grande","16 fl oz","This item is unavailable",,"1/3/2023 11:01:20.387945+00","35","2"
"1912","Venti","20 fl oz","This item is unavailable",,"1/3/2023 11:01:20.412937+00","35","2"
"1913","Short","8 fl oz","Not sold at 35th & State - Bronzeville",,"1/3/2023 11:01:45.408813+00","36","2"
"1914","Tall","12 fl oz","Not sold at 35th & State - Bronzeville",,"1/3/2023 11:01:45.449003+00","36","2"
"1915","Grande","16 fl oz","Not sold at 35th & State - Bronzeville",,"1/3/2023 11:01:45.481815+00","36","2"
"1916","Venti","20 fl oz","Not sold at 35th & State - Bronzeville",,"1/3/2023 11:01:45.521817+00","36","2"
"1917","Short","8 fl oz","This item is unavailable",,"1/3/2023 11:02:12.051677+00","37","2"
"1918","Tall","12 fl oz","This item is unavailable",,"1/3/2023 11:02:12.083672+00","37","2"
"1919","Grande","16 fl oz","This item is unavailable",,"1/3/2023 11:02:12.123683+00","37","2"
"1920","Venti","20 fl oz","This item is unavailable",,"1/3/2023 11:02:12.154674+00","37","2"
"1921","Short","8 fl oz","Not sold at 35th & State - Bronzeville",,"1/3/2023 11:02:41.199531+00","38","2"
"1922","Tall","12 fl oz","Not sold at 35th & State - Bronzeville",,"1/3/2023 11:02:41.228524+00","38","2"
"1923","Grande","16 fl oz","Not sold at 35th & State - Bronzeville",,"1/3/2023 11:02:41.271837+00","38","2"
"1924","Venti","20 fl oz","Not sold at 35th & State - Bronzeville",,"1/3/2023 11:02:41.31152+00","38","2"
"1925","Short","8 fl oz","This item is unavailable",,"1/3/2023 11:03:06.965386+00","39","2"
"1926","Tall","12 fl oz","This item is unavailable",,"1/3/2023 11:03:07.006389+00","39","2"
"1927","Grande","16 fl oz","This item is unavailable",,"1/3/2023 11:03:07.059384+00","39","2"
"1928","Venti","20 fl oz","This item is unavailable",,"1/3/2023 11:03:07.097383+00","39","2"
"1929","Short","8 fl oz","This item is unavailable",,"1/3/2023 11:03:30.243266+00","40","2"
"1930","Tall","12 fl oz","This item is unavailable",,"1/3/2023 11:03:30.271265+00","40","2"
"1931","Grande","16 fl oz","This item is unavailable",,"1/3/2023 11:03:30.30327+00","40","2"
"1932","Venti","20 fl oz","This item is unavailable",,"1/3/2023 11:03:30.331258+00","40","2"
"1933","Short","8 fl oz","This item is unavailable",,"1/3/2023 11:03:55.426136+00","41","2"
"1934","Tall","12 fl oz","This item is unavailable",,"1/3/2023 11:03:55.451123+00","41","2"
"1935","Grande","16 fl oz","This item is unavailable",,"1/3/2023 11:03:55.493132+00","41","2"
"1936","Venti","20 fl oz","This item is unavailable",,"1/3/2023 11:03:55.528147+00","41","2"
"1937","Short","8 fl oz","This item is unavailable",,"1/3/2023 11:04:20.156995+00","42","2"
"1938","Tall","12 fl oz","This item is unavailable",,"1/3/2023 11:04:20.190003+00","42","2"
"1939","Grande","16 fl oz","This item is unavailable",,"1/3/2023 11:04:20.225992+00","42","2"
"1940","Venti","20 fl oz","This item is unavailable",,"1/3/2023 11:04:20.256547+00","42","2"
"1941","Short","8 fl oz","This item is unavailable",,"1/3/2023 11:04:49.272848+00","43","2"
"1942","Tall","12 fl oz","This item is unavailable",,"1/3/2023 11:04:49.302851+00","43","2"
"1943","Grande","16 fl oz","This item is unavailable",,"1/3/2023 11:04:49.335915+00","43","2"
"1944","Venti","20 fl oz","This item is unavailable",,"1/3/2023 11:04:49.361162+00","43","2"
"1945","Short","8 fl oz","$20.00",,"1/3/2023 11:05:04.576775+00","44","2"
"1949","Short","8 fl oz","$4.35",,"1/3/2023 11:09:20.481429+00","48","2"
"1950","Tall","12 fl oz","$4.45",,"1/3/2023 11:09:20.602429+00","48","2"
"1951","Grande","16 fl oz","$4.95",,"1/3/2023 11:09:20.704419+00","48","2"
"1952","Venti","20 fl oz","$5.25",,"1/3/2023 11:09:20.805428+00","48","2"
"1957","Short","8 fl oz","$2.85",,"1/3/2023 11:15:40.980998+00","50","2"
"1958","Tall","12 fl oz","$2.95",,"1/3/2023 11:15:41.174081+00","50","2"
"1959","Grande","16 fl oz","$3.45",,"1/3/2023 11:15:41.366992+00","50","2"
"1960","Venti","20 fl oz","$3.65",,"1/3/2023 11:15:41.526996+00","50","2"
"1946","Short","8 fl oz","$20.00",,"1/3/2023 11:31:23.259163+00","45","2"
"1948","Short","8 fl oz","$20.00",,"1/3/2023 11:35:45.174194+00","47","2"
"1947","Short","8 fl oz","$20.00",,"1/3/2023 12:08:26.851725+00","46","2"
"1953","Short","8 fl oz","$2.85",,"1/3/2023 12:11:12.99054+00","49","2"
"1954","Tall","12 fl oz","$2.95",,"1/3/2023 12:11:13.425575+00","49","2"
"1955","Grande","16 fl oz","$3.45",,"1/3/2023 12:11:13.653062+00","49","2"
"1956","Venti","20 fl oz","$3.65",,"1/3/2023 12:11:13.903056+00","49","2"
"1961","Short","8 fl oz","$4.35",,"1/3/2023 12:12:16.187819+00","51","2"
"1962","Tall","12 fl oz","$4.45",,"1/3/2023 12:12:16.343827+00","51","2"
"1963","Grande","16 fl oz","$4.95",,"1/3/2023 12:12:16.498827+00","51","2"
"1964","Venti","20 fl oz","$5.25",,"1/3/2023 12:12:16.619833+00","51","2"
"1965","Short","8 fl oz","$2.85",,"1/3/2023 12:13:51.295468+00","52","2"
"1966","Tall","12 fl oz","$2.95",,"1/3/2023 12:13:51.467471+00","52","2"
"1967","Grande","16 fl oz","$3.45",,"1/3/2023 12:13:51.657985+00","52","2"
"1968","Venti","20 fl oz","$3.65",,"1/3/2023 12:13:51.857465+00","52","2"
"1969","Short","8 fl oz","$4.35",,"1/3/2023 12:18:54.53335+00","53","2"
"1970","Tall","12 fl oz","$4.45",,"1/3/2023 12:18:54.78435+00","53","2"
"1971","Grande","16 fl oz","$4.95",,"1/3/2023 12:18:54.944346+00","53","2"
"1972","Venti","20 fl oz","$5.25",,"1/3/2023 12:18:55.104348+00","53","2"
"1973","Short","8 fl oz","$2.85",,"1/3/2023 12:20:05.592094+00","54","2"
"1974","Tall","12 fl oz","$2.95",,"1/3/2023 12:20:05.711084+00","54","2"
"1975","Grande","16 fl oz","$3.45",,"1/3/2023 12:20:05.839086+00","54","2"
"1976","Venti","20 fl oz","$3.65",,"1/3/2023 12:20:06.019087+00","54","2"
"1977","Short","8 fl oz","$4.35",,"1/3/2023 12:21:12.486839+00","55","2"
"1978","Tall","12 fl oz","$4.45",,"1/3/2023 12:21:12.606854+00","55","2"
"1979","Grande","16 fl oz","$4.95",,"1/3/2023 12:21:12.762839+00","55","2"
"1980","Venti","24 fl oz","$5.25",,"1/3/2023 12:21:12.866834+00","55","2"
"1981","Short","8 fl oz","$3.15",,"1/3/2023 12:22:19.583581+00","56","2"
"1982","Tall","12 fl oz","$3.25",,"1/3/2023 12:22:19.732586+00","56","2"
"1983","Grande","16 fl oz","$3.95",,"1/3/2023 12:22:19.879588+00","56","2"
"1984","Venti","20 fl oz","$4.45",,"1/3/2023 12:22:20.005707+00","56","2"
"1985","Short","8 fl oz","$2.85",,"1/3/2023 12:23:31.657319+00","57","2"
"1986","Tall","12 fl oz","$2.95",,"1/3/2023 12:23:31.806333+00","57","2"
"1987","Grande","16 fl oz","$3.45",,"1/3/2023 12:23:31.951323+00","57","2"
"1988","Venti","20 fl oz","$3.65",,"1/3/2023 12:23:32.090412+00","57","2"
"1989","Short","8 fl oz","Not sold at this store",,"1/3/2023 12:24:47.609043+00","58","2"
"1990","Tall","12 fl oz","$2.95",,"1/3/2023 12:24:47.730047+00","58","2"
"1991","Grande","16 fl oz","$3.45",,"1/3/2023 12:24:47.85929+00","58","2"
"1992","Venti","20 fl oz","$3.65",,"1/3/2023 12:24:47.981041+00","58","2"
"1993","Short","8 null","$2.85",,"1/3/2023 12:25:56.923778+00","59","2"
"1994","Tall","12 null","$2.95",,"1/3/2023 12:25:57.034778+00","59","2"
"1995","Grande","16 null","$3.45",,"1/3/2023 12:25:57.219778+00","59","2"
"1996","Venti","20 null","$3.65",,"1/3/2023 12:25:57.345776+00","59","2"
"1997","Kids","8 fl oz","Sold out at this store",,"1/3/2023 12:27:48.655824+00","60","2"
"1998","Short","8 fl oz","Sold out at this store",,"1/3/2023 12:27:48.871423+00","60","2"
"1999","Tall","12 fl oz","Sold out at this store",,"1/3/2023 12:27:49.113431+00","60","2"
"2000","Grande","16 fl oz","Sold out at this store",,"1/3/2023 12:27:49.296426+00","60","2"
"2001","Venti","20 fl oz","Sold out at this store",,"1/3/2023 12:27:49.423493+00","60","2"
"2002","Kids","8 fl oz","Sold out at 35th & State - Bronzeville",,"1/3/2023 12:39:03.100255+00","61","2"
"2003","Short","8 fl oz","Sold out at 35th & State - Bronzeville",,"1/3/2023 12:39:03.132259+00","61","2"
"2004","Tall","12 fl oz","Sold out at 35th & State - Bronzeville",,"1/3/2023 12:39:03.155302+00","61","2"
"2005","Grande","16 fl oz","Sold out at 35th & State - Bronzeville",,"1/3/2023 12:39:03.177317+00","61","2"
"2006","Venti","20 fl oz","Sold out at 35th & State - Bronzeville",,"1/3/2023 12:39:03.213259+00","61","2"
"2007","Kids","8 fl oz","Sold out at 35th & State - Bronzeville",,"1/3/2023 12:40:02.874949+00","62","2"
"2008","Short","8 fl oz","Sold out at 35th & State - Bronzeville",,"1/3/2023 12:40:02.905611+00","62","2"
"2009","Tall","12 fl oz","Sold out at 35th & State - Bronzeville",,"1/3/2023 12:40:02.935615+00","62","2"
"2010","Grande","16 fl oz","Sold out at 35th & State - Bronzeville",,"1/3/2023 12:40:02.972621+00","62","2"
"2011","Venti","20 fl oz","Sold out at 35th & State - Bronzeville",,"1/3/2023 12:40:03.014624+00","62","2"
"2012","Kids","8 fl oz","$2.45",,"1/3/2023 12:40:37.772527+00","63","2"
"2013","Short","8 fl oz","$3.35",,"1/3/2023 12:40:37.86352+00","63","2"
"2014","Tall","12 fl oz","$3.45",,"1/3/2023 12:40:37.963516+00","63","2"
"2015","Grande","16 fl oz","$3.95",,"1/3/2023 12:40:38.055515+00","63","2"
"2016","Venti","20 fl oz","$4.25",,"1/3/2023 12:40:38.139516+00","63","2"
"2017","Kids","8 fl oz","$3.35",,"1/3/2023 12:42:08.68647+00","64","2"
"2018","Short","8 fl oz","$4.15",,"1/3/2023 12:42:08.777468+00","64","2"
"2019","Tall","12 fl oz","$4.25",,"1/3/2023 12:42:08.869466+00","64","2"
"2020","Grande","16 fl oz","$4.75",,"1/3/2023 12:42:08.959472+00","64","2"
"2021","Venti","20 fl oz","$5.05",,"1/3/2023 12:42:09.056464+00","64","2"
"2022","Kids","8 fl oz","$3.35",,"1/3/2023 12:43:41.138213+00","65","2"
"2023","Short","8 fl oz","$4.15",,"1/3/2023 12:43:41.253209+00","65","2"
"2024","Tall","12 fl oz","$4.25",,"1/3/2023 12:43:41.387568+00","65","2"
"2025","Grande","16 fl oz","$4.75",,"1/3/2023 12:43:41.52921+00","65","2"
"2026","Venti","20 fl oz","$5.05",,"1/3/2023 12:43:41.633211+00","65","2"
"2027","Kids","8 fl oz","$1.95",,"1/3/2023 12:45:11.603961+00","66","2"
"2028","Short","8 fl oz","$2.65",,"1/3/2023 12:45:11.686962+00","66","2"
"2029","Tall","12 fl oz","$2.75",,"1/3/2023 12:45:11.767965+00","66","2"
"2030","Grande","16 fl oz","$2.95",,"1/3/2023 12:45:11.848954+00","66","2"
"2031","Venti","20 fl oz","$3.25",,"1/3/2023 12:45:11.929964+00","66","2"
"2032","Kids","8 fl oz","Sold out at 35th & State - Bronzeville",,"1/3/2023 12:47:06.653636+00","67","2"
"2033","Short","8 fl oz","Sold out at 35th & State - Bronzeville",,"1/3/2023 12:47:06.67164+00","67","2"
"2034","Tall","12 fl oz","Sold out at 35th & State - Bronzeville",,"1/3/2023 12:47:06.700645+00","67","2"
"2035","Grande","16 fl oz","Sold out at 35th & State - Bronzeville",,"1/3/2023 12:47:06.719633+00","67","2"
"2036","Venti","20 fl oz","Sold out at 35th & State - Bronzeville",,"1/3/2023 12:47:06.740637+00","67","2"
"2037","Kids","8 fl oz","Sold out at 35th & State - Bronzeville",,"1/3/2023 12:48:00.51549+00","68","2"
"2038","Short","8 fl oz","Sold out at 35th & State - Bronzeville",,"1/3/2023 12:48:00.535484+00","68","2"
"2039","Tall","12 fl oz","Sold out at 35th & State - Bronzeville",,"1/3/2023 12:48:00.557492+00","68","2"
"2040","Grande","16 fl oz","Sold out at 35th & State - Bronzeville",,"1/3/2023 12:48:00.579524+00","68","2"
"2041","Venti","20 fl oz","Sold out at 35th & State - Bronzeville",,"1/3/2023 12:48:00.604484+00","68","2"
"2042","Kids","8 fl oz","Sold out at 35th & State - Bronzeville",,"1/3/2023 12:48:55.996336+00","69","2"
"2043","Short","8 fl oz","Sold out at 35th & State - Bronzeville",,"1/3/2023 12:48:56.020334+00","69","2"
"2044","Tall","12 fl oz","Sold out at 35th & State - Bronzeville",,"1/3/2023 12:48:56.043331+00","69","2"
"2045","Grande","16 fl oz","Sold out at 35th & State - Bronzeville",,"1/3/2023 12:48:56.077334+00","69","2"
"2046","Venti","20 fl oz","Sold out at 35th & State - Bronzeville",,"1/3/2023 12:48:56.098326+00","69","2"
"2047","Kids","8 fl oz","$2.45",,"1/3/2023 12:49:32.134226+00","70","2"
"2048","Short","8 fl oz","$2.65",,"1/3/2023 12:49:32.224223+00","70","2"
"2049","Tall","12 fl oz","$2.75",,"1/3/2023 12:49:32.310224+00","70","2"
"2050","Grande","16 fl oz","$2.95",,"1/3/2023 12:49:32.401225+00","70","2"
"2051","Venti","20 fl oz","$3.25",,"1/3/2023 12:49:32.484224+00","70","2"
"2052","Kids","8 fl oz","$2.45",,"1/3/2023 12:51:04.235971+00","71","2"
"2053","Short","8 fl oz","$3.35",,"1/3/2023 12:51:04.36525+00","71","2"
"2054","Tall","12 fl oz","$3.45",,"1/3/2023 12:51:04.451973+00","71","2"
"2055","Grande","16 fl oz","$3.95",,"1/3/2023 12:51:04.539971+00","71","2"
"2056","Venti","20 fl oz","$4.25",,"1/3/2023 12:51:04.628971+00","71","2"
"2057","Tall","12 fl oz","Sold out at 35th & State - Bronzeville",,"1/3/2023 12:52:36.437983+00","72","2"
"2058","Grande","16 fl oz","Sold out at 35th & State - Bronzeville",,"1/3/2023 12:52:36.465709+00","72","2"
"2059","Venti","24 fl oz","Sold out at 35th & State - Bronzeville",,"1/3/2023 12:52:36.49982+00","72","2"
"2060","Tall","12 fl oz","Sold out at 35th & State - Bronzeville",,"1/3/2023 12:53:07.760725+00","73","2"
"2061","Grande","16 fl oz","Sold out at 35th & State - Bronzeville",,"1/3/2023 12:53:07.798811+00","73","2"
"2062","Venti","24 fl oz","Sold out at 35th & State - Bronzeville",,"1/3/2023 12:53:07.84481+00","73","2"
"2063","Tall","12 fl oz","Sold out at 35th & State - Bronzeville",,"1/3/2023 12:53:41.215526+00","74","2"
"2064","Grande","16 fl oz","Sold out at 35th & State - Bronzeville",,"1/3/2023 12:53:41.252547+00","74","2"
"2065","Venti","24 fl oz","Sold out at 35th & State - Bronzeville",,"1/3/2023 12:53:41.287775+00","74","2"
"2066","Tall","12 fl oz","Sold out at 35th & State - Bronzeville",,"1/3/2023 12:54:14.850653+00","75","2"
"2067","Grande","16 fl oz","Sold out at 35th & State - Bronzeville",,"1/3/2023 12:54:14.899434+00","75","2"
"2068","Venti","24 fl oz","Sold out at 35th & State - Bronzeville",,"1/3/2023 12:54:14.94744+00","75","2"
"2069","Tall","12 fl oz","Sold out at 35th & State - Bronzeville",,"1/3/2023 12:54:50.642333+00","76","2"
"2070","Grande","16 fl oz","Sold out at 35th & State - Bronzeville",,"1/3/2023 12:54:50.66941+00","76","2"
"2071","Venti","24 fl oz","Sold out at 35th & State - Bronzeville",,"1/3/2023 12:54:50.690336+00","76","2"
"2072","Tall","12 fl oz","$5.25",,"1/3/2023 12:55:11.703469+00","77","2"
"2073","Grande","16 fl oz","$5.75",,"1/3/2023 12:55:11.799464+00","77","2"
"2074","Venti","24 fl oz","$6.25",,"1/3/2023 12:55:11.88946+00","77","2"
"2075","Tall","12 fl oz","$5.25",,"1/3/2023 12:56:06.716301+00","78","2"
"2076","Grande","16 fl oz","$5.75",,"1/3/2023 12:56:06.891302+00","78","2"
"2077","Venti","24 fl oz","$6.25",,"1/3/2023 12:56:07.012298+00","78","2"
"2078","Tall","12 fl oz","Sold out at 35th & State - Bronzeville",,"1/3/2023 12:57:07.380134+00","79","2"
"2079","Grande","16 fl oz","Sold out at 35th & State - Bronzeville",,"1/3/2023 12:57:07.417137+00","79","2"
"2080","Venti","24 fl oz","Sold out at 35th & State - Bronzeville",,"1/3/2023 12:57:07.445134+00","79","2"
"2081","Tall","12 fl oz","$5.25",,"1/3/2023 12:57:31.552049+00","80","2"
"2082","Grande","16 fl oz","$5.75",,"1/3/2023 12:57:31.673051+00","80","2"
"2083","Venti","24 fl oz","$6.25",,"1/3/2023 12:57:31.773059+00","80","2"
"2084","Tall","12 fl oz","$5.45",,"1/3/2023 12:58:19.18192+00","81","2"
"2085","Grande","16 fl oz","$5.95",,"1/3/2023 12:58:19.295923+00","81","2"
"2086","Venti","24 fl oz","$6.45",,"1/3/2023 12:58:19.390915+00","81","2"
"2087","Tall","12 fl oz","$4.75",,"1/3/2023 12:59:09.039783+00","82","2"
"2088","Grande","16 fl oz","$5.25",,"1/3/2023 12:59:09.155776+00","82","2"
"2089","Venti","24 fl oz","$5.75",,"1/3/2023 12:59:09.315781+00","82","2"
"2090","Tall","12 fl oz","$4.75",,"1/3/2023 12:59:55.580652+00","83","2"
"2091","Grande","16 fl oz","$5.25",,"1/3/2023 12:59:55.675662+00","83","2"
"2092","Venti","24 fl oz","$5.75",,"1/3/2023 12:59:55.76865+00","83","2"
"2093","Tall","12 fl oz","$4.45",,"1/3/2023 13:00:43.256512+00","84","2"
"2094","Grande","16 fl oz","$4.95",,"1/3/2023 13:00:43.34961+00","84","2"
"2095","Venti","24 fl oz","$5.45",,"1/3/2023 13:00:43.44751+00","84","2"
"2096","Tall","12 fl oz","$4.75",,"1/3/2023 13:01:36.069362+00","85","2"
"2097","Grande","16 fl oz","$5.25",,"1/3/2023 13:01:36.195372+00","85","2"
"2098","Venti","24 fl oz","$5.75",,"1/3/2023 13:01:36.295365+00","85","2"
"2099","Tall","12 fl oz","$4.75",,"1/3/2023 13:02:20.639236+00","86","2"
"2100","Grande","16 fl oz","$5.25",,"1/3/2023 13:02:20.742238+00","86","2"
"2101","Venti","24 fl oz","$5.75",,"1/3/2023 13:02:20.852277+00","86","2"
"2102","Tall","12 fl oz","$4.75",,"1/3/2023 13:03:11.874085+00","87","2"
"2103","Grande","16 fl oz","$5.25",,"1/3/2023 13:03:12.021087+00","87","2"
"2104","Venti","24 fl oz","$5.75",,"1/3/2023 13:03:12.195087+00","87","2"
"2105","Tall","12 fl oz","Sold out at 35th & State - Bronzeville",,"1/3/2023 13:04:08.46993+00","88","2"
"2106","Grande","16 fl oz","Sold out at 35th & State - Bronzeville",,"1/3/2023 13:04:08.51517+00","88","2"
"2107","Venti","24 fl oz","Sold out at 35th & State - Bronzeville",,"1/3/2023 13:04:08.554921+00","88","2"
"2108","Tall","12 fl oz","Sold out at 35th & State - Bronzeville",,"1/3/2023 13:04:38.014966+00","89","2"
"2109","Grande","16 fl oz","Sold out at 35th & State - Bronzeville",,"1/3/2023 13:04:38.038854+00","89","2"
"2110","Venti","24 fl oz","Sold out at 35th & State - Bronzeville",,"1/3/2023 13:04:38.062846+00","89","2"
"2111","Tall","12 fl oz","$5.25",,"1/3/2023 13:05:00.690777+00","90","2"
"2112","Grande","16 fl oz","$5.75",,"1/3/2023 13:05:00.779773+00","90","2"
"2113","Venti","24 fl oz","$6.25",,"1/3/2023 13:05:00.863772+00","90","2"
"2114","Tall","12 fl oz","Sold out at 35th & State - Bronzeville",,"1/3/2023 13:06:01.985633+00","91","2"
"2115","Grande","16 fl oz","Sold out at 35th & State - Bronzeville",,"1/3/2023 13:06:02.019603+00","91","2"
"2116","Venti","24 fl oz","Sold out at 35th & State - Bronzeville",,"1/3/2023 13:06:02.048612+00","91","2"
"2117","Tall","12 fl oz","Sold out at 35th & State - Bronzeville",,"1/3/2023 13:06:39.309504+00","92","2"
"2118","Grande","16 fl oz","Sold out at 35th & State - Bronzeville",,"1/3/2023 13:06:39.336509+00","92","2"
"2119","Venti","24 fl oz","Sold out at 35th & State - Bronzeville",,"1/3/2023 13:06:39.364496+00","92","2"
"2120","Tall","12 fl oz","$5.25",,"1/3/2023 13:18:49.225513+00","93","2"
"2121","Grande","16 fl oz","$5.75",,"1/3/2023 13:18:49.4185+00","93","2"
"2122","Venti","24 fl oz","$6.25",,"1/3/2023 13:18:49.768506+00","93","2"
"2123","Tall","12 fl oz","Sold out at 35th & State - Bronzeville",,"1/3/2023 13:19:54.811334+00","94","2"
"2124","Grande","16 fl oz","Sold out at 35th & State - Bronzeville",,"1/3/2023 13:19:54.839391+00","94","2"
"2125","Venti","24 fl oz","Sold out at 35th & State - Bronzeville",,"1/3/2023 13:19:54.870321+00","94","2"
"2126","Tall","12 fl oz","$5.25",,"1/3/2023 13:20:16.25826+00","95","2"
"2127","Grande","16 fl oz","$5.75",,"1/3/2023 13:20:16.363259+00","95","2"
"2128","Venti","24 fl oz","$6.25",,"1/3/2023 13:20:16.464359+00","95","2"
"2129","Tall","12 fl oz","$5.25",,"1/3/2023 13:21:09.570105+00","96","2"
"2130","Grande","16 fl oz","$5.75",,"1/3/2023 13:21:09.660099+00","96","2"
"2131","Venti","24 fl oz","$6.25",,"1/3/2023 13:21:09.773111+00","96","2"
"2132","Tall","12 fl oz","$4.75",,"1/3/2023 13:21:59.403971+00","97","2"
"2133","Grande","16 fl oz","$5.25",,"1/3/2023 13:21:59.494966+00","97","2"
"2134","Venti","24 fl oz","$5.75",,"1/3/2023 13:21:59.606963+00","97","2"
"2135","Tall","12 fl oz","$4.75",,"1/3/2023 13:22:51.869047+00","98","2"
"2136","Grande","16 fl oz","$5.25",,"1/3/2023 13:22:51.977818+00","98","2"
"2137","Venti","24 fl oz","$5.75",,"1/3/2023 13:22:52.267813+00","98","2"
"2138","Tall","12 fl oz","$4.75",,"1/3/2023 13:23:42.768673+00","99","2"
"2139","Grande","16 fl oz","$5.25",,"1/3/2023 13:23:42.868688+00","99","2"
"2140","Venti","24 fl oz","$5.75",,"1/3/2023 13:23:42.966671+00","99","2"
"2141","Tall","12 fl oz","$4.75",,"1/3/2023 13:24:33.248537+00","100","2"
"2142","Grande","16 fl oz","$5.25",,"1/3/2023 13:24:33.336532+00","100","2"
"2143","Venti","24 fl oz","$5.75",,"1/3/2023 13:24:33.425533+00","100","2"
"2144","Tall","12 fl oz","$4.45",,"1/3/2023 13:29:50.149984+00","101","2"
"2145","Grande","16 fl oz","$4.95",,"1/3/2023 13:29:50.248985+00","101","2"
"2146","Venti","24 fl oz","$5.45",,"1/3/2023 13:29:50.345986+00","101","2"
"2147","Tall","12 fl oz","$4.75",,"1/3/2023 13:30:19.11291+00","102","2"
"2148","Grande","16 fl oz","$5.25",,"1/3/2023 13:30:19.216906+00","102","2"
"2149","Venti","24 fl oz","$5.75",,"1/3/2023 13:30:19.357898+00","102","2"
"2150","Tall","12 fl oz","Sold out at 35th & State - Bronzeville",,"1/3/2023 13:30:34.910852+00","103","2"
"2151","Grande","16 fl oz","Sold out at 35th & State - Bronzeville",,"1/3/2023 13:30:34.970852+00","103","2"
"2152","Venti","24 fl oz","Sold out at 35th & State - Bronzeville",,"1/3/2023 13:30:35.026849+00","103","2"
"2153","Trenta","30 fl oz","Sold out at 35th & State - Bronzeville",,"1/3/2023 13:30:35.083851+00","103","2"
"2154","Tall","12 fl oz","$4.75",,"1/3/2023 13:30:56.530799+00","104","2"
"2155","Grande","16 fl oz","$5.25",,"1/3/2023 13:30:56.654801+00","104","2"
"2156","Venti","24 fl oz","$5.45",,"1/3/2023 13:30:56.774797+00","104","2"
"2157","Trenta","30 fl oz","$5.75",,"1/3/2023 13:30:56.890805+00","104","2"
"2158","Tall","12 fl oz","$4.75",,"1/3/2023 13:31:31.085699+00","105","2"
"2159","Grande","16 fl oz","$5.25",,"1/3/2023 13:31:31.209706+00","105","2"
"2160","Venti","24 fl oz","$5.45",,"1/3/2023 13:31:31.3057+00","105","2"
"2161","Trenta","30 fl oz","$5.75",,"1/3/2023 13:31:31.437701+00","105","2"
"2162","Tall","12 fl oz","$4.75",,"1/3/2023 13:32:07.155624+00","106","2"
"2163","Grande","16 fl oz","$5.25",,"1/3/2023 13:32:07.291611+00","106","2"
"2164","Venti","24 fl oz","$5.45",,"1/3/2023 13:32:07.418609+00","106","2"
"2165","Trenta","30 fl oz","$5.75",,"1/3/2023 13:32:07.541611+00","106","2"
"2166","Tall","12 fl oz","$3.95",,"1/3/2023 13:32:40.262516+00","107","2"
"2167","Grande","16 fl oz","$4.45",,"1/3/2023 13:32:40.374516+00","107","2"
"2168","Venti","24 fl oz","$4.75",,"1/3/2023 13:32:40.489518+00","107","2"
"2169","Trenta","30 fl oz","$4.95",,"1/3/2023 13:32:40.609519+00","107","2"
"2170","Tall","12 fl oz","$4.25",,"1/3/2023 13:33:12.807428+00","108","2"
"2171","Grande","16 fl oz","$4.75",,"1/3/2023 13:33:12.922436+00","108","2"
"2172","Venti","24 fl oz","$4.95",,"1/3/2023 13:33:13.018425+00","108","2"
"2173","Trenta","30 fl oz","$5.25",,"1/3/2023 13:33:13.125423+00","108","2"
"2174","Tall","12 fl oz","$3.95",,"1/3/2023 13:33:45.194343+00","109","2"
"2175","Grande","16 fl oz","$4.45",,"1/3/2023 13:33:45.324345+00","109","2"
"2176","Venti","24 fl oz","$4.75",,"1/3/2023 13:33:45.45434+00","109","2"
"2177","Trenta","30 fl oz","$4.95",,"1/3/2023 13:33:45.584339+00","109","2"
"2178","Tall","12 fl oz","$4.95",,"1/3/2023 13:34:15.884327+00","110","2"
"2179","Grande","16 fl oz","$5.45",,"1/3/2023 13:34:16.031251+00","110","2"
"2180","Tall","12 fl oz","$5.25",,"1/3/2023 13:34:37.201194+00","111","2"
"2181","Grande","16 fl oz","$5.75",,"1/3/2023 13:34:37.318195+00","111","2"
"2182","Tall","12 fl oz","$3.45",,"1/3/2023 13:35:01.732141+00","112","2"
"2183","Grande","16 fl oz","$3.75",,"1/3/2023 13:35:01.842131+00","112","2"
"2184","Venti","24 fl oz","$3.95",,"1/3/2023 13:35:01.943128+00","112","2"
"2185","Tall","12 fl oz","$3.75",,"1/3/2023 13:35:31.515074+00","113","2"
"2186","Grande","16 fl oz","$3.95",,"1/3/2023 13:35:31.631051+00","113","2"
"2187","Venti","24 fl oz","$4.55",,"1/3/2023 13:35:31.72805+00","113","2"
"2188","Trenta","30 fl oz","$4.95",,"1/3/2023 13:35:31.845112+00","113","2"
"2189","Tall","12 fl oz","$3.75",,"1/3/2023 13:36:01.457027+00","114","2"
"2190","Grande","16 fl oz","$3.95",,"1/3/2023 13:36:01.676999+00","114","2"
"2191","Venti","24 fl oz","$4.55",,"1/3/2023 13:36:01.823128+00","114","2"
"2192","Trenta","30 fl oz","$4.95",,"1/3/2023 13:36:02.058956+00","114","2"
"2193","Single","0.75 fl oz","$2.75",,"1/3/2023 13:36:42.743852+00","115","2"
"2194","Double","1.5 fl oz","$2.95",,"1/3/2023 13:36:42.843846+00","115","2"
"2195","Triple","2.25 fl oz","$3.25",,"1/3/2023 13:36:42.94786+00","115","2"
"2196","Quad","3 fl oz","$3.45",,"1/3/2023 13:36:43.045846+00","115","2"
"2197","Tall","12 fl oz","$5.25",,"1/3/2023 13:37:09.600777+00","116","2"
"2198","Grande","16 fl oz","$5.75",,"1/3/2023 13:37:09.749776+00","116","2"
"2199","Venti","24 fl oz","$6.25",,"1/3/2023 13:37:09.88977+00","116","2"
"2200","Tall","12 fl oz","$5.25",,"1/3/2023 13:37:40.376692+00","117","2"
"2201","Grande","16 fl oz","$5.75",,"1/3/2023 13:37:40.470698+00","117","2"
"2202","Venti","24 fl oz","$6.25",,"1/3/2023 13:37:40.557685+00","117","2"
"2203","Tall","12 fl oz","$5.25",,"1/3/2023 13:38:09.478699+00","118","2"
"2204","Grande","16 fl oz","$5.75",,"1/3/2023 13:38:09.635742+00","118","2"
"2205","Venti","24 fl oz","$6.25",,"1/3/2023 13:38:09.782632+00","118","2"
"2206","Tall","12 fl oz","$3.75",,"1/3/2023 13:38:34.833544+00","119","2"
"2207","Grande","16 fl oz","$4.25",,"1/3/2023 13:38:34.92755+00","119","2"
"2208","Venti","24 fl oz","$4.75",,"1/3/2023 13:38:35.023542+00","119","2"
"2209","Tall","12 fl oz","$4.75",,"1/3/2023 13:39:07.056457+00","120","2"
"2210","Grande","16 fl oz","$4.95",,"1/3/2023 13:39:07.17384+00","120","2"
"2211","Venti","24 fl oz","$5.75",,"1/3/2023 13:39:07.274455+00","120","2"
"2212","Tall","12 fl oz","$5.25",,"1/3/2023 13:39:36.959374+00","121","2"
"2213","Grande","16 fl oz","$5.75",,"1/3/2023 13:39:37.113371+00","121","2"
"2214","Venti","24 fl oz","$6.25",,"1/3/2023 13:39:37.23359+00","121","2"
"2215","Tall","12 fl oz","Sold out at 35th & State - Bronzeville",,"1/3/2023 13:39:51.498324+00","122","2"
"2216","Grande","16 fl oz","Sold out at 35th & State - Bronzeville",,"1/3/2023 13:39:51.554321+00","122","2"
"2217","Venti","24 fl oz","Sold out at 35th & State - Bronzeville",,"1/3/2023 13:39:51.614327+00","122","2"
"2218","Tall","12 fl oz","Sold out at 35th & State - Bronzeville",,"1/3/2023 13:40:05.106797+00","123","2"
"2219","Grande","16 fl oz","Sold out at 35th & State - Bronzeville",,"1/3/2023 13:40:05.199787+00","123","2"
"2220","Venti","24 fl oz","Sold out at 35th & State - Bronzeville",,"1/3/2023 13:40:05.284882+00","123","2"
"2221","Tall","12 fl oz","Sold out at 35th & State - Bronzeville",,"1/3/2023 13:40:15.595759+00","124","2"
"2222","Grande","16 fl oz","Sold out at 35th & State - Bronzeville",,"1/3/2023 13:40:15.662753+00","124","2"
"2223","Venti","24 fl oz","Sold out at 35th & State - Bronzeville",,"1/3/2023 13:40:15.736753+00","124","2"
"2224","Tall","12 fl oz","$5.45",,"1/3/2023 13:40:40.090866+00","125","2"
"2225","Grande","16 fl oz","$5.75",,"1/3/2023 13:40:40.226688+00","125","2"
"2226","Venti","24 fl oz","$6.45",,"1/3/2023 13:40:40.327686+00","125","2"
"2227","Tall","12 fl oz","This item is unavailable",,"1/3/2023 13:40:59.603675+00","126","2"
"2228","Grande","16 fl oz","This item is unavailable",,"1/3/2023 13:40:59.676679+00","126","2"
"2229","Venti","24 fl oz","This item is unavailable",,"1/3/2023 13:40:59.743657+00","126","2"
"2230","Tall","12 fl oz","This item is unavailable",,"1/3/2023 13:41:08.901635+00","127","2"
"2231","Grande","16 fl oz","This item is unavailable",,"1/3/2023 13:41:08.970616+00","127","2"
"2232","Venti","24 fl oz","This item is unavailable",,"1/3/2023 13:41:09.053947+00","127","2"
"2233","Tall","12 fl oz","$3.95",,"1/3/2023 13:41:29.540554+00","128","2"
"2234","Grande","16 fl oz","$4.65",,"1/3/2023 13:41:29.648557+00","128","2"
"2235","Venti","24 fl oz","$5.45",,"1/3/2023 13:41:29.784553+00","128","2"
"2236","Tall","12 fl oz","$5.45",,"1/3/2023 13:42:01.119462+00","129","2"
"2237","Grande","16 fl oz","$5.65",,"1/3/2023 13:42:01.336467+00","129","2"
"2238","Venti","24 fl oz","$6.25",,"1/3/2023 13:42:01.503465+00","129","2"
"2239","Tall","12 fl oz","$4.75",,"1/3/2023 13:42:30.192381+00","130","2"
"2240","Grande","16 fl oz","$5.45",,"1/3/2023 13:42:30.284385+00","130","2"
"2241","Venti","24 fl oz","$6.25",,"1/3/2023 13:42:30.377387+00","130","2"
"2242","Tall","12 fl oz","$4.95",,"1/3/2023 13:42:56.113372+00","131","2"
"2243","Grande","16 fl oz","$5.25",,"1/3/2023 13:42:56.257313+00","131","2"
"2244","Venti","24 fl oz","$5.75",,"1/3/2023 13:42:56.430322+00","131","2"
"2245","Tall","12 fl oz","Sold out at 35th & State - Bronzeville",,"1/3/2023 13:43:13.224296+00","132","2"
"2246","Grande","16 fl oz","Sold out at 35th & State - Bronzeville",,"1/3/2023 13:43:13.292269+00","132","2"
"2247","Venti","24 fl oz","Sold out at 35th & State - Bronzeville",,"1/3/2023 13:43:13.366265+00","132","2"
"2248","Tall","12 fl oz","$5.45",,"1/3/2023 13:43:38.648197+00","133","2"
"2249","Grande","16 fl oz","$5.65",,"1/3/2023 13:43:38.750202+00","133","2"
"2250","Venti","24 fl oz","$6.25",,"1/3/2023 13:43:38.854197+00","133","2"
"2251","Tall","12 fl oz","Sold out at 35th & State - Bronzeville",,"1/3/2023 13:43:54.539152+00","134","2"
"2252","Grande","16 fl oz","Sold out at 35th & State - Bronzeville",,"1/3/2023 13:43:54.624164+00","134","2"
"2253","Venti","24 fl oz","Sold out at 35th & State - Bronzeville",,"1/3/2023 13:43:54.730164+00","134","2"
"2254","Tall","12 fl oz","Sold out at 35th & State - Bronzeville",,"1/3/2023 13:44:07.017634+00","135","2"
"2255","Grande","16 fl oz","Sold out at 35th & State - Bronzeville",,"1/3/2023 13:44:07.099137+00","135","2"
"2256","Venti","24 fl oz","Sold out at 35th & State - Bronzeville",,"1/3/2023 13:44:07.172127+00","135","2"
"2257","Tall","12 fl oz","$4.75",,"1/3/2023 13:44:31.317055+00","136","2"
"2258","Grande","16 fl oz","$5.25",,"1/3/2023 13:44:31.423086+00","136","2"
"2259","Venti","24 fl oz","$5.75",,"1/3/2023 13:44:31.530062+00","136","2"
"2260","Tall","12 fl oz","This item is unavailable",,"1/3/2023 13:44:51.122046+00","137","2"
"2261","Grande","16 fl oz","This item is unavailable",,"1/3/2023 13:44:51.21301+00","137","2"
"2262","Venti","24 fl oz","This item is unavailable",,"1/3/2023 13:44:51.308049+00","137","2"
"2263","Tall","12 fl oz","This item is unavailable",,"1/3/2023 13:45:01.741979+00","138","2"
"2264","Grande","16 fl oz","This item is unavailable",,"1/3/2023 13:45:01.826974+00","138","2"
"2265","Venti","24 fl oz","This item is unavailable",,"1/3/2023 13:45:01.905966+00","138","2"
"2266","Tall","12 fl oz","Not sold at 35th & State - Bronzeville",,"1/3/2023 13:45:16.382926+00","139","2"
"2267","Grande","16 fl oz","Not sold at 35th & State - Bronzeville",,"1/3/2023 13:45:16.467383+00","139","2"
"2268","Venti","24 fl oz","Not sold at 35th & State - Bronzeville",,"1/3/2023 13:45:16.551933+00","139","2"
"2269","Tall","12 fl oz","Not sold at 35th & State - Bronzeville",,"1/3/2023 13:45:26.817904+00","140","2"
"2270","Grande","16 fl oz","Not sold at 35th & State - Bronzeville",,"1/3/2023 13:45:26.891897+00","140","2"
"2271","Venti","24 fl oz","Not sold at 35th & State - Bronzeville",,"1/3/2023 13:45:26.947916+00","140","2"
"2272","Tall","12 fl oz","Not sold at 35th & State - Bronzeville",,"1/3/2023 13:45:36.49588+00","141","2"
"2273","Grande","16 fl oz","Not sold at 35th & State - Bronzeville",,"1/3/2023 13:45:36.562881+00","141","2"
"2274","Venti","24 fl oz","Not sold at 35th & State - Bronzeville",,"1/3/2023 13:45:36.63188+00","141","2"
"2275","Tall","12 fl oz","This item is unavailable",,"1/3/2023 13:45:48.097851+00","142","2"
"2276","Grande","16 fl oz","This item is unavailable",,"1/3/2023 13:45:48.160846+00","142","2"
"2277","Venti","24 fl oz","This item is unavailable",,"1/3/2023 13:45:48.24785+00","142","2"
"2278","Tall","12 fl oz","This item is unavailable",,"1/3/2023 13:45:57.190827+00","143","2"
"2279","Grande","16 fl oz","This item is unavailable",,"1/3/2023 13:45:57.287885+00","143","2"
"2280","Venti","24 fl oz","This item is unavailable",,"1/3/2023 13:45:57.391876+00","143","2"
"2281","Tall","12 fl oz","Not sold at 35th & State - Bronzeville",,"1/3/2023 13:46:09.748785+00","144","2"
"2282","Grande","16 fl oz","Not sold at 35th & State - Bronzeville",,"1/3/2023 13:46:09.868786+00","144","2"
"2283","Venti","24 fl oz","Not sold at 35th & State - Bronzeville",,"1/3/2023 13:46:09.974772+00","144","2"
"2284","Tall","12 fl oz","This item is unavailable",,"1/3/2023 13:46:19.804772+00","145","2"
"2285","Grande","16 fl oz","This item is unavailable",,"1/3/2023 13:46:19.889762+00","145","2"
"2286","Venti","24 fl oz","This item is unavailable",,"1/3/2023 13:46:19.999766+00","145","2"
"2287","Tall","12 fl oz","This item is unavailable",,"1/3/2023 13:46:28.959731+00","146","2"
"2288","Grande","16 fl oz","This item is unavailable",,"1/3/2023 13:46:29.040736+00","146","2"
"2289","Venti","24 fl oz","This item is unavailable",,"1/3/2023 13:46:29.131739+00","146","2"
"2290","Tall","12 fl oz","This item is unavailable",,"1/3/2023 13:46:37.972701+00","147","2"
"2291","Grande","16 fl oz","This item is unavailable",,"1/3/2023 13:46:38.056705+00","147","2"
"2292","Venti","24 fl oz","This item is unavailable",,"1/3/2023 13:46:38.15271+00","147","2"
"2293","Tall","12 fl oz","This item is unavailable",,"1/3/2023 13:46:49.644673+00","148","2"
"2294","Grande","16 fl oz","This item is unavailable",,"1/3/2023 13:46:49.740675+00","148","2"
"2295","Venti","24 fl oz","This item is unavailable",,"1/3/2023 13:46:49.813717+00","148","2"
"2296","Tall","12 fl oz","This item is unavailable",,"1/3/2023 13:47:00.580646+00","149","2"
"2297","Grande","16 fl oz","This item is unavailable",,"1/3/2023 13:47:00.662645+00","149","2"
"2298","Venti","24 fl oz","This item is unavailable",,"1/3/2023 13:47:00.75665+00","149","2"
"2299","Tall","12 fl oz","This item is unavailable",,"1/3/2023 13:47:13.094805+00","150","2"
"2300","Grande","16 fl oz","This item is unavailable",,"1/3/2023 13:47:13.20062+00","150","2"
"2301","Venti","24 fl oz","This item is unavailable",,"1/3/2023 13:47:13.266644+00","150","2"
"2302","Tall","12 fl oz","Not sold at 35th & State - Bronzeville",,"1/3/2023 13:47:26.033576+00","151","2"
"2303","Grande","16 fl oz","Not sold at 35th & State - Bronzeville",,"1/3/2023 13:47:26.094577+00","151","2"
"2304","Venti","24 fl oz","Not sold at 35th & State - Bronzeville",,"1/3/2023 13:47:26.152572+00","151","2"
"2305","Tall","12 fl oz","This item is unavailable",,"1/3/2023 13:47:36.500582+00","152","2"
"2306","Grande","16 fl oz","This item is unavailable",,"1/3/2023 13:47:36.589165+00","152","2"
"2307","Venti","24 fl oz","This item is unavailable",,"1/3/2023 13:47:36.651642+00","152","2"
"2308","14.5-Packaged",,"This item is unavailable",,"1/3/2023 13:47:48.669506+00","153","2"
"2309","14.5-Packaged",,"This item is unavailable",,"1/3/2023 13:48:03.334472+00","154","2"
"2310","Tall","12 null","$2.95",,"1/3/2023 13:48:39.899371+00","155","2"
"2311","Grande","16 null","$3.45",,"1/3/2023 13:48:40.001366+00","155","2"
"2312","Venti","24 null","$3.95",,"1/3/2023 13:48:40.11438+00","155","2"
"2313","Trenta","30 null","$4.25",,"1/3/2023 13:48:40.222371+00","155","2"
"2314","Tall","12 fl oz","$3.45",,"1/3/2023 13:49:07.992302+00","156","2"
"2315","Grande","16 fl oz","$3.95",,"1/3/2023 13:49:08.093293+00","156","2"
"2316","Venti","24 fl oz","$4.45",,"1/3/2023 13:49:08.212291+00","156","2"
"2317","Trenta","30 fl oz","$4.75",,"1/3/2023 13:49:08.3803+00","156","2"
"2318","Tall","12 fl oz","$4.45",,"1/3/2023 13:49:38.875895+00","157","2"
"2319","Grande","16 fl oz","$4.95",,"1/3/2023 13:49:38.986894+00","157","2"
"2320","Venti","24 fl oz","$5.25",,"1/3/2023 13:49:39.136891+00","157","2"
"2321","Tall","12 fl oz","$4.45",,"1/3/2023 13:50:08.855793+00","158","2"
"2322","Grande","16 fl oz","$4.95",,"1/3/2023 13:50:08.959798+00","158","2"
"2323","Venti","24 fl oz","$5.25",,"1/3/2023 13:50:09.110785+00","158","2"
"2324","Tall","12 fl oz","$4.45",,"1/3/2023 13:50:34.659712+00","159","2"
"2325","Grande","16 fl oz","$4.95",,"1/3/2023 13:50:34.752711+00","159","2"
"2326","Venti","24 fl oz","$5.25",,"1/3/2023 13:50:34.862773+00","159","2"
"2327","Tall","","$3.45",,"1/3/2023 13:51:06.2056+00","160","2"
"2328","Grande","16 null","$3.95",,"1/3/2023 13:51:06.339605+00","160","2"
"2329","Venti","24 null","$4.45",,"1/3/2023 13:51:06.445599+00","160","2"
"2330","Trenta","30 null","$4.75",,"1/3/2023 13:51:06.613594+00","160","2"
"2331","Tall","12 fl oz","$3.65",,"1/3/2023 13:51:40.804486+00","161","2"
"2332","Grande","16 fl oz","$4.25",,"1/3/2023 13:51:40.897477+00","161","2"
"2333","Venti","24 fl oz","$4.65",,"1/3/2023 13:51:40.991475+00","161","2"
"2334","Trenta","30 fl oz","$4.95",,"1/3/2023 13:51:41.153477+00","161","2"
"2335","Tall","12 fl oz","$4.45",,"1/3/2023 13:52:13.43737+00","162","2"
"2336","Grande","16 fl oz","$4.95",,"1/3/2023 13:52:13.568412+00","162","2"
"2337","Venti","24 fl oz","$5.25",,"1/3/2023 13:52:13.677739+00","162","2"
"2338","Tall","12 fl oz","$2.95",,"1/3/2023 13:52:40.876274+00","163","2"
"2339","Grande","16 fl oz","$3.45",,"1/3/2023 13:52:41.010287+00","163","2"
"2340","Venti","24 fl oz","$3.95",,"1/3/2023 13:52:41.107275+00","163","2"
"2341","Trenta","30 fl oz","$4.25",,"1/3/2023 13:52:41.20528+00","163","2"
"2342","Tall","12 fl oz","$3.45",,"1/3/2023 13:53:15.199254+00","164","2"
"2343","Grande","16 fl oz","$3.95",,"1/3/2023 13:53:15.367174+00","164","2"
"2344","Venti","24 fl oz","$4.45",,"1/3/2023 13:53:15.546166+00","164","2"
"2345","Trenta","30 fl oz","$4.75",,"1/3/2023 13:53:15.784172+00","164","2"
"2346","Tall","12 fl oz","$3.45",,"1/3/2023 13:53:45.474063+00","165","2"
"2347","Grande","16 fl oz","$3.95",,"1/3/2023 13:53:45.560055+00","165","2"
"2348","Venti","24 fl oz","$4.45",,"1/3/2023 13:53:45.65906+00","165","2"
"2349","Trenta","30 fl oz","$4.75",,"1/3/2023 13:53:45.749065+00","165","2"
"2350","Tall","12 null","$2.95",,"1/3/2023 13:54:26.542929+00","166","2"
"2351","Grande","16 null","$3.45",,"1/3/2023 13:54:26.673926+00","166","2"
"2352","Venti","24 null","$3.95",,"1/3/2023 13:54:26.786964+00","166","2"
"2353","Trenta","30 null","$4.25",,"1/3/2023 13:54:26.913963+00","166","2"
"2354","Tall","12 fl oz","$3.45",,"1/3/2023 13:54:59.048806+00","167","2"
"2355","Grande","16 fl oz","$3.95",,"1/3/2023 13:54:59.200817+00","167","2"
"2356","Venti","24 fl oz","$4.45",,"1/3/2023 13:54:59.327828+00","167","2"
"2357","Trenta","30 fl oz","$4.75",,"1/3/2023 13:54:59.468809+00","167","2"
"2358","Tall","12 fl oz","$4.75",,"1/3/2023 13:55:34.202459+00","168","2"
"2359","Grande","16 fl oz","$4.95",,"1/3/2023 13:55:34.303395+00","168","2"
"2360","Venti","24 fl oz","$5.65",,"1/3/2023 13:55:34.411393+00","168","2"
"2361","Trenta","30 fl oz","$5.95",,"1/3/2023 13:55:34.526398+00","168","2"
"2362","Tall","12 fl oz","$3.95",,"1/3/2023 13:56:03.720038+00","169","2"
"2363","Grande","16 fl oz","$4.45",,"1/3/2023 13:56:03.819037+00","169","2"
"2364","Venti","24 fl oz","$4.95",,"1/3/2023 13:56:03.913039+00","169","2"
"2365","Trenta","30 fl oz","$5.45",,"1/3/2023 13:56:04.029033+00","169","2"
"2366","Tall","12 fl oz","$4.75",,"1/3/2023 13:56:55.381409+00","170","2"
"2367","Grande","16 fl oz","$4.95",,"1/3/2023 13:56:55.530418+00","170","2"
"2368","Venti","24 fl oz","$5.65",,"1/3/2023 13:56:55.700599+00","170","2"
"2369","Trenta","30 fl oz","$5.95",,"1/3/2023 13:56:55.850409+00","170","2"
"2370","Tall","12 fl oz","$4.75",,"1/3/2023 13:57:29.978982+00","171","2"
"2371","Grande","16 fl oz","$4.95",,"1/3/2023 13:57:30.095985+00","171","2"
"2372","Venti","24 fl oz","$5.65",,"1/3/2023 13:57:30.258109+00","171","2"
"2373","Trenta","30 fl oz","$5.95",,"1/3/2023 13:57:30.370016+00","171","2"
"2374","Tall","12 fl oz","$4.75",,"1/3/2023 13:58:06.751543+00","172","2"
"2375","Grande","16 fl oz","$4.95",,"1/3/2023 13:58:06.915543+00","172","2"
"2376","Venti","24 fl oz","$5.65",,"1/3/2023 13:58:07.102538+00","172","2"
"2377","Trenta","30 fl oz","$5.95",,"1/3/2023 13:58:07.241538+00","172","2"
"2378","Tall","12 fl oz","$3.95",,"1/3/2023 13:58:36.955179+00","173","2"
"2379","Grande","16 fl oz","$4.45",,"1/3/2023 13:58:37.066178+00","173","2"
"2380","Venti","24 fl oz","$4.95",,"1/3/2023 13:58:37.183174+00","173","2"
"2381","Trenta","30 fl oz","$5.45",,"1/3/2023 13:58:37.292175+00","173","2"
"2382","Tall","12 fl oz","$4.75",,"1/3/2023 13:59:13.80274+00","174","2"
"2383","Grande","16 fl oz","$4.95",,"1/3/2023 13:59:13.898738+00","174","2"
"2384","Venti","24 fl oz","$5.65",,"1/3/2023 13:59:13.99174+00","174","2"
"2385","Trenta","30 fl oz","$5.95",,"1/3/2023 13:59:14.091739+00","174","2"
"2386","Tall","12 fl oz","$4.75",,"1/3/2023 13:59:46.614621+00","175","2"
"2387","Grande","16 fl oz","$4.95",,"1/3/2023 13:59:46.735724+00","175","2"
"2388","Venti","24 fl oz","$5.65",,"1/3/2023 13:59:46.830617+00","175","2"
"2389","Trenta","30 fl oz","$5.95",,"1/3/2023 13:59:46.952614+00","175","2"
"2390","Tall","12 fl oz","$3.95",,"1/3/2023 14:00:31.566455+00","176","2"
"2391","Grande","16 fl oz","$4.45",,"1/3/2023 14:00:31.664475+00","176","2"
"2392","Venti","24 fl oz","$4.95",,"1/3/2023 14:00:31.765491+00","176","2"
"2393","Trenta","30 fl oz","$5.45",,"1/3/2023 14:00:31.861451+00","176","2"
"2394","12-Packaged",,"Not sold at 35th & State - Bronzeville",,"1/3/2023 14:00:55.982538+00","177","2"
"2395","11-Packaged","11 fl oz","$4.95",,"1/3/2023 14:01:17.494286+00","178","2"
"2396","11-Packaged","11 fl oz","$4.95",,"1/3/2023 14:01:39.597202+00","179","2"
"2397","11-Packaged","11 fl oz","$3.95",,"1/3/2023 14:01:58.871135+00","180","2"
"2398","11-Packaged","11 fl oz","$4.95",,"1/3/2023 14:02:22.949041+00","181","2"
"2399","11-Packaged","11 fl oz","$4.95",,"1/3/2023 14:02:44.356964+00","182","2"
"2400","8-Packaged","8 fl oz","$2.25",,"1/3/2023 14:03:13.718852+00","183","2"
"2401","12-Packaged",,"Not sold at 35th & State - Bronzeville",,"1/3/2023 14:03:32.620783+00","184","2"
"2402","Kids","12 fl oz","$2.25",,"1/3/2023 14:04:09.184657+00","185","2"
"2403","Tall","12 fl oz","$3.15",,"1/3/2023 14:04:09.306649+00","185","2"
"2404","Grande","16 fl oz","$3.25",,"1/3/2023 14:04:09.425646+00","185","2"
"2405","Venti","24 fl oz","$3.55",,"1/3/2023 14:04:09.561707+00","185","2"
"2406","Trenta","30 fl oz","$4.45",,"1/3/2023 14:04:09.697147+00","185","2"
"2407","Tall","12 fl oz","$3.75",,"1/3/2023 14:04:38.917568+00","186","2"
"2408","Grande","16 fl oz","$4.25",,"1/3/2023 14:04:39.010545+00","186","2"
"2409","Venti","24 fl oz","$4.75",,"1/3/2023 14:04:39.105533+00","186","2"
"2410","8-Packaged","8 fl oz","$2.55",,"1/3/2023 14:05:05.497445+00","187","2"
"2411","8-Packaged",,"$2.55",,"1/3/2023 14:06:12.527207+00","188","2"
"2412","Tall","12 fl oz","$2.75",,"1/3/2023 14:06:39.103095+00","189","2"
"2413","Grande","16 fl oz","$2.95",,"1/3/2023 14:06:39.221118+00","189","2"
"2414","Venti","24 fl oz","$3.25",,"1/3/2023 14:06:39.334104+00","189","2"
"2415","8-Packaged","8 fl oz","$2.55",,"1/3/2023 14:07:05.118089+00","190","2"
"2416","16.9-Packaged",,"Not sold at 35th & State - Bronzeville",,"1/3/2023 14:07:24.569473+00","191","2"
"2417","12-Packaged","12 fl oz","$2.45",,"1/3/2023 14:07:42.770865+00","192","2"
"2418","12-Packaged","12 fl oz","$2.45",,"1/3/2023 14:08:04.730782+00","193","2"
"2419","16.9-Packaged",,"Not sold at 35th & State - Bronzeville",,"1/3/2023 14:08:29.534691+00","194","2"
"2420","20-Packaged",,"This item is unavailable",,"1/3/2023 14:08:41.91765+00","195","2"
"2421","23.7-Packaged",,"$2.45",,"1/3/2023 14:09:01.291581+00","196","2"
"2422","600-Packaged",,"This item is unavailable",,"1/3/2023 14:09:27.464489+00","197","2"
"2423","1 Piece",,"$6.45",,"1/3/2023 14:09:46.559409+00","198","2"
"2424","1 Piece",,"$5.75",,"1/3/2023 14:10:06.67165+00","199","2"
"2425","1 Piece",,"$4.75",,"1/3/2023 14:10:35.554547+00","200","2"
"2426","1 Piece",,"$5.75",,"1/3/2023 14:23:10.222259+00","201","2"
"2427","1 Piece",,"$4.75",,"1/3/2023 14:23:35.652154+00","202","2"
"2428","1 Piece",,"$4.25",,"1/3/2023 14:23:56.931881+00","203","2"
"2429","1 Piece",,"$4.45",,"1/3/2023 14:24:17.404834+00","204","2"
"2430","1 Piece",,"$1.25",,"1/3/2023 14:24:36.810765+00","205","2"
"2431","1 Piece",,"$4.95",,"1/3/2023 14:24:55.603707+00","206","2"
"2432","1 Piece",,"$4.95",,"1/3/2023 14:25:41.674683+00","207","2"
"2433","1 Piece",,"$4.95",,"1/3/2023 14:26:03.520854+00","208","2"
"2434","1 Piece",,"$2.25",,"1/3/2023 14:26:25.071572+00","209","2"
"2435","1 Piece",,"$2.25",,"1/3/2023 14:26:44.565535+00","210","2"
"2436","1 Piece",,"$1.25",,"1/3/2023 14:27:04.11154+00","211","2"
"2437","1 Piece",,"$2.95",,"1/3/2023 14:27:24.858435+00","212","2"
"2438","1 Piece",,"Not sold at 35th & State - Bronzeville",,"1/3/2023 14:27:38.567396+00","213","2"
"2439","1 Piece",,"$2.95",,"1/3/2023 14:27:57.442349+00","214","2"
"2440","1 Piece",,"$2.95",,"1/3/2023 14:28:17.692309+00","215","2"
"2441","1 Piece",,"This item is unavailable",,"1/3/2023 14:28:31.897287+00","216","2"
"2442","1 Piece",,"This item is unavailable",,"1/3/2023 14:28:45.233234+00","217","2"
"2443","1 Piece",,"Not sold at 35th & State - Bronzeville",,"1/3/2023 14:28:59.479206+00","218","2"
"2444","1 Piece",,"Not sold at 35th & State - Bronzeville",,"1/3/2023 14:29:12.611173+00","219","2"
"2445","1 Piece",,"$3.25",,"1/3/2023 14:29:31.77613+00","220","2"
"2446","1 Piece",,"Not sold at 35th & State - Bronzeville",,"1/3/2023 14:29:47.79312+00","221","2"
"2447","1 Piece",,"$2.75",,"1/3/2023 14:30:06.096047+00","222","2"
"2448","1 Piece",,"$2.50",,"1/3/2023 14:30:25.574999+00","223","2"
"2449","1 Piece",,"$4.45",,"1/3/2023 14:30:49.87594+00","224","2"
"2450","1 Piece",,"$3.45",,"1/3/2023 14:33:13.484592+00","225","2"
"2451","1 Piece",,"Sold out at 35th & State - Bronzeville",,"1/3/2023 14:33:32.107544+00","226","2"
"2452","1 Piece",,"$3.95",,"1/3/2023 14:33:49.647501+00","227","2"
"2453","1 Piece",,"$3.85",,"1/3/2023 14:34:13.124446+00","228","2"
"2454","1 Piece",,"$3.45",,"1/3/2023 14:34:37.845445+00","229","2"
"2455","1 Piece",,"$3.65",,"1/3/2023 14:34:59.485336+00","230","2"
"2456","1 Piece",,"$3.65",,"1/3/2023 14:39:42.312657+00","231","2"
"2457","1 Piece",,"$3.65",,"1/3/2023 14:40:04.851915+00","232","2"
"2458","1 Piece",,"$3.75",,"1/3/2023 14:40:27.824815+00","233","2"
"2459","1 Piece",,"$2.65",,"1/3/2023 14:40:50.170842+00","234","2"
"2460","1 Piece",,"Not sold at 35th & State - Bronzeville",,"1/3/2023 14:41:04.696746+00","235","2"
"2461","1 Piece",,"Not sold at 35th & State - Bronzeville",,"1/3/2023 14:41:18.203758+00","236","2"
"2462","1 Piece",,"$3.25",,"1/3/2023 14:41:38.595673+00","237","2"
"2463","1 Piece",,"$1.55",,"1/3/2023 14:42:01.067628+00","238","2"
"2464","1 Piece",,"$3.25",,"1/3/2023 14:42:20.777596+00","239","2"
"2465","1 Piece",,"$6.25",,"1/3/2023 14:48:06.568865+00","240","2"
"2466","1 Piece",,"$7.25",,"1/3/2023 14:48:26.907823+00","241","2"
"2467","1 Piece",,"$7.25",,"1/3/2023 14:48:49.700771+00","242","2"
"2468","1 Piece",,"$6.65",,"1/3/2023 14:49:08.701736+00","243","2"
"2469","1 Piece",,"$1.25",,"1/3/2023 14:49:28.842695+00","244","2"
"2470","1 Piece",,"This item is unavailable",,"1/3/2023 14:49:44.567665+00","245","2"
"2471","1 Piece",,"This item is unavailable",,"1/3/2023 14:50:00.066644+00","246","2"
"2472","1 Piece",,"This item is unavailable",,"1/3/2023 14:50:12.064883+00","247","2"
"2473","1 Piece",,"This item is unavailable",,"1/3/2023 14:50:23.749584+00","248","2"
"2474","1 Piece",,"$6.55",,"1/3/2023 14:50:45.100547+00","249","2"
"2475","1 Piece",,"$5.95",,"1/3/2023 14:51:07.040493+00","250","2"
"2476","1 Piece",,"$6.25",,"1/3/2023 14:51:27.547451+00","251","2"
"2477","1 Piece",,"This item is unavailable",,"1/3/2023 14:51:46.007422+00","252","2"
"2478","1 Piece",,"Sold out at 35th & State - Bronzeville",,"1/3/2023 14:52:02.661388+00","253","2"
"2479","1 Piece",,"$2.45",,"1/3/2023 14:52:23.248343+00","254","2"
"2480","1 Piece",,"$1.95",,"1/3/2023 14:52:44.490295+00","255","2"
"2481","1 Piece",,"This item is unavailable",,"1/3/2023 14:53:03.660259+00","256","2"
"2482","1 Piece",,"$2.25",,"1/3/2023 14:53:20.315208+00","257","2"
"2483","1 Piece",,"This item is unavailable",,"1/3/2023 14:53:38.103185+00","258","2"
"2484","1 Piece",,"Sold out at 35th & State - Bronzeville",,"1/3/2023 14:53:53.317148+00","259","2"
"2485","1 Piece",,"Not sold at 35th & State - Bronzeville",,"1/3/2023 14:54:07.880159+00","260","2"
"2486","1 Piece",,"Sold out at 35th & State - Bronzeville",,"1/3/2023 14:54:20.492088+00","261","2"
"2487","1 Piece",,"$2.75",,"1/3/2023 14:54:38.70409+00","262","2"
"2488","1 Piece",,"This item is unavailable",,"1/3/2023 14:54:56.203015+00","263","2"
"2489","1 Piece",,"Sold out at 35th & State - Bronzeville",,"1/3/2023 14:55:07.876393+00","264","2"
"2490","1 Piece",,"Not sold at 35th & State - Bronzeville",,"1/3/2023 14:55:19.385919+00","265","2"
"2491","1 Piece",,"Sold out at 35th & State - Bronzeville",,"1/3/2023 14:55:31.230899+00","266","2"
"2492","1 Piece",,"Sold out at 35th & State - Bronzeville",,"1/3/2023 14:55:47.727988+00","267","2"
"2493","1 Piece",,"This item is unavailable",,"1/3/2023 14:56:01.149842+00","268","2"
"2494","1 Piece",,"Sold out at 35th & State - Bronzeville",,"1/3/2023 14:56:16.219818+00","269","2"
"2495","1 Piece",,"Sold out at 35th & State - Bronzeville",,"1/3/2023 14:56:31.965787+00","270","2"
"2496","1 Piece",,"This item is unavailable",,"1/3/2023 14:56:44.036758+00","271","2"
"2497","1 Piece",,"This item is unavailable",,"1/3/2023 14:56:56.558738+00","272","2"
"2498","1 Piece",,"Sold out at 35th & State - Bronzeville",,"1/3/2023 14:57:10.602708+00","273","2"
"2499","1 Piece",,"$3.75",,"1/3/2023 14:57:29.44568+00","274","2"
"2500","1 Piece",,"$3.75",,"1/3/2023 14:57:48.758637+00","275","2"
"2501","1 Piece",,"This item is unavailable",,"1/3/2023 14:58:07.455551+00","276","2"
"2502","1 Piece",,"$2.25",,"1/3/2023 14:58:29.415433+00","277","2"
"2503","1 Piece",,"This item is unavailable",,"1/3/2023 14:58:42.997359+00","278","2"
"2504","1 Piece",,"Sold out at 35th & State - Bronzeville",,"1/3/2023 14:58:57.158292+00","279","2"
"2505","1 Piece",,"This item is unavailable",,"1/3/2023 14:59:13.347213+00","280","2"
"2506","1 Piece",,"Not sold at 35th & State - Bronzeville",,"1/3/2023 14:59:27.338127+00","281","2"
"2507","1 Piece",,"This item is unavailable",,"1/3/2023 14:59:41.103058+00","282","2"
"2508","1 Piece",,"This item is unavailable",,"1/3/2023 14:59:54.234329+00","283","2"
"2510","1 Piece",,"This item is unavailable",,"1/3/2023 15:04:20.321414+00","285","2"
"2511","1 Piece",,"$1.25",,"1/3/2023 15:04:42.554339+00","286","2"
"2512","1 Piece",,"$3.75",,"1/3/2023 15:05:04.652297+00","287","2"
"2513","1 Piece",,"$4.25",,"1/3/2023 15:05:26.538255+00","288","2"
"2514","1 Piece",,"This item is unavailable",,"1/3/2023 15:05:44.636237+00","289","2"
"2515","8.8-oz","8.8oz","Not sold at 35th & State - Bronzeville",,"1/3/2023 15:05:56.556206+00","290","2"
"2516","8.8-oz","8.8oz","Not sold at 35th & State - Bronzeville",,"1/3/2023 15:06:07.105192+00","291","2"
"2517","250-gram","250gram","Not sold at 35th & State - Bronzeville",,"1/3/2023 15:06:20.648169+00","292","2"
"2518","1-lb","1lb","$13.95",,"1/3/2023 15:06:38.635183+00","293","2"
"2519","1-lb","1lb","$13.95",,"1/3/2023 15:06:57.79731+00","294","2"
"2520","1-lb","1lb","$15.95",,"1/3/2023 15:07:17.596606+00","295","2"
"2521","1-lb","1lb","$13.95",,"1/3/2023 15:07:39.495014+00","296","2"
"2522","1-lb","1lb","$14.95",,"1/3/2023 15:07:56.878203+00","297","2"
"2523","1-lb","1lb","$13.95",,"1/3/2023 15:08:13.551976+00","298","2"
"2524","1-lb","1lb","$14.95",,"1/3/2023 15:15:13.183167+00","299","2"
